{"nm":"Comp 3","ddd":0,"h":81,"w":81,"meta":{"g":"@lottiefiles/toolkit-js 0.33.2"},"layers":[{"ty":4,"nm":"Group 219","sr":1,"st":0,"op":3600,"ip":0,"hd":false,"ddd":0,"bm":0,"hasMask":false,"ao":0,"ks":{"a":{"a":0,"k":[0,0,0],"ix":1},"s":{"a":0,"k":[100,100,100],"ix":6},"sk":{"a":0,"k":0},"p":{"a":0,"k":[40.037,40.037,0],"ix":2},"r":{"a":0,"k":0,"ix":10},"sa":{"a":0,"k":0},"o":{"a":0,"k":100,"ix":11}},"ef":[],"shapes":[{"ty":"rc","bm":0,"hd":false,"mn":"ADBE Vector Shape - Rect","nm":"Rectangle Path 1","d":1,"p":{"a":0,"k":[0,0],"ix":3},"r":{"a":0,"k":0,"ix":4},"s":{"a":0,"k":[80.074,80.074],"ix":2}}],"ind":1},{"ty":4,"nm":"2258861","sr":1,"st":0,"op":3600,"ip":0,"hd":false,"ddd":0,"bm":0,"hasMask":false,"ao":0,"ks":{"a":{"a":0,"k":[19.432,34.176,0],"ix":1},"s":{"a":1,"k":[{"o":{"x":0.665,"y":0},"i":{"x":0.457,"y":1},"s":[0,0,100],"t":0},{"s":[100,100,100],"t":64}],"ix":6},"sk":{"a":0,"k":0},"p":{"a":1,"k":[{"o":{"x":1,"y":0},"i":{"x":0,"y":1},"s":[3.408,17.259,0],"t":22,"ti":[0,-0.042,0],"to":[0,-1.667,0]},{"o":{"x":1,"y":0},"i":{"x":0.235,"y":1},"s":[3.408,7.259,0],"t":54,"ti":[0,-1.708,0],"to":[0,0.042,0]},{"s":[3.408,17.509,0],"t":100}],"ix":2},"r":{"a":1,"k":[{"o":{"x":0.665,"y":0},"i":{"x":0.457,"y":1},"s":[-74.036],"t":0},{"s":[0],"t":99}],"ix":10},"sa":{"a":0,"k":0},"o":{"a":0,"k":100,"ix":11}},"ef":[],"shapes":[{"ty":"gr","bm":0,"hd":false,"mn":"ADBE Vector Group","nm":"2258861","ix":1,"cix":2,"np":7,"it":[{"ty":"sh","bm":0,"hd":false,"mn":"ADBE Vector Shape - Group","nm":"Path 1","ix":1,"d":1,"ks":{"a":0,"k":{"c":true,"i":[[2.302,0],[0,0],[0,-2.302],[0,0],[-2.302,0],[0,0],[-0.071,-0.097],[0,0],[-0.606,-0.003],[0,0],[-0.362,0.482],[0,0],[-0.119,0],[0,0],[0,2.302],[0,0]],"o":[[0,0],[-2.302,0],[0,0],[0,2.302],[0,0],[0.12,0],[0,0],[0.359,0.487],[0,0],[0.602,0],[0,0],[0.071,-0.095],[0,0],[2.302,0],[0,0],[0,-2.302]],"v":[[34.688,0],[4.175,0],[0,4.175],[0,24.214],[4.175,28.388],[14.005,28.388],[14.311,28.542],[17.897,33.405],[19.416,34.176],[19.425,34.176],[20.941,33.419],[24.61,28.54],[24.913,28.388],[34.688,28.388],[38.863,24.213],[38.863,4.175]]},"ix":2}},{"ty":"sh","bm":0,"hd":false,"mn":"ADBE Vector Shape - Group","nm":"Path 2","ix":2,"d":1,"ks":{"a":0,"k":{"c":true,"i":[[0,0],[0.047,-0.164],[0,0],[0,0]],"o":[[0,0.179],[0,0],[0,0],[0,0]],"v":[[36.586,24.214],[36.514,24.731],[24.816,14.477],[36.586,4.71]]},"ix":2}},{"ty":"sh","bm":0,"hd":false,"mn":"ADBE Vector Shape - Group","nm":"Path 3","ix":3,"d":1,"ks":{"a":0,"k":{"c":true,"i":[[0,0],[-0.28,-0.163],[0,0],[0.702,0.583],[0,0],[-0.346,0]],"o":[[0.347,0],[0,0],[-0.702,0.583],[0,0],[0.279,-0.162],[0,0]],"v":[[34.688,2.277],[35.641,2.535],[20.647,14.978],[18.223,14.978],[3.226,2.532],[4.175,2.277]]},"ix":2}},{"ty":"sh","bm":0,"hd":false,"mn":"ADBE Vector Shape - Group","nm":"Path 4","ix":4,"d":1,"ks":{"a":0,"k":{"c":true,"i":[[0,0],[0,0.179],[0,0],[0,0]],"o":[[-0.047,-0.164],[0,0],[0,0],[0,0]],"v":[[2.349,24.731],[2.277,24.214],[2.277,4.704],[14.05,14.474]]},"ix":2}},{"ty":"sh","bm":0,"hd":false,"mn":"ADBE Vector Shape - Group","nm":"Path 5","ix":5,"d":1,"ks":{"a":0,"k":{"c":true,"i":[[0.499,-0.664],[0,0],[0,0],[0.84,0],[0,0],[0,0],[0,0],[-0.947,0],[-0.772,0.641],[0,0],[0,0],[0,0]],"o":[[0,0],[0,0],[-0.499,-0.676],[0,0],[0,0],[0,0],[0.772,0.641],[0.947,0],[0,0],[0,0],[0,0],[-0.83,0]],"v":[[22.789,27.171],[19.428,31.643],[16.143,27.191],[14.005,26.111],[4.229,26.111],[15.824,15.947],[16.769,16.73],[19.435,17.692],[22.101,16.73],[23.042,15.949],[34.634,26.111],[24.913,26.111]]},"ix":2}},{"ty":"fl","bm":0,"hd":false,"mn":"ADBE Vector Graphic - Fill","nm":"Fill 1","c":{"a":0,"k":[1,1,1],"ix":4},"r":1,"o":{"a":0,"k":100,"ix":5}},{"ty":"tr","a":{"a":0,"k":[0,0],"ix":1},"s":{"a":0,"k":[100,100],"ix":3},"sk":{"a":0,"k":0,"ix":4},"p":{"a":0,"k":[0,0],"ix":2},"r":{"a":0,"k":0,"ix":6},"sa":{"a":0,"k":0,"ix":5},"o":{"a":0,"k":100,"ix":7}}]}],"ind":2,"parent":1},{"ty":4,"nm":"Rectangle 19","sr":1,"st":0,"op":3600,"ip":0,"hd":false,"ddd":0,"bm":0,"hasMask":false,"ao":0,"ks":{"a":{"a":0,"k":[40.037,40.037,0],"ix":1},"s":{"a":0,"k":[100,100,100],"ix":6},"sk":{"a":0,"k":0},"p":{"a":0,"k":[0,0,0],"ix":2},"r":{"a":0,"k":0,"ix":10},"sa":{"a":0,"k":0},"o":{"a":0,"k":100,"ix":11}},"ef":[],"shapes":[{"ty":"gr","bm":0,"hd":false,"mn":"ADBE Vector Group","nm":"Rectangle 19","ix":1,"cix":2,"np":2,"it":[{"ty":"sh","bm":0,"hd":false,"mn":"ADBE Vector Shape - Group","nm":"Path 1","ix":1,"d":1,"ks":{"a":0,"k":{"c":true,"i":[[-22.112,0],[0,0],[0,-22.112],[0,0],[22.112,0],[0,0],[0,22.112],[0,0]],"o":[[0,0],[22.112,0],[0,0],[0,22.112],[0,0],[-22.112,0],[0,0],[0,-22.112]],"v":[[40.037,0],[40.037,0],[80.074,40.037],[80.074,40.037],[40.037,80.074],[40.037,80.074],[0,40.037],[0,40.037]]},"ix":2}},{"ty":"fl","bm":0,"hd":false,"mn":"ADBE Vector Graphic - Fill","nm":"Fill 1","c":{"a":0,"k":[0.0471,0.4196,0.9804],"ix":4},"r":1,"o":{"a":0,"k":100,"ix":5}},{"ty":"tr","a":{"a":0,"k":[0,0],"ix":1},"s":{"a":0,"k":[100,100],"ix":3},"sk":{"a":0,"k":0,"ix":4},"p":{"a":0,"k":[0,0],"ix":2},"r":{"a":0,"k":0,"ix":6},"sa":{"a":0,"k":0,"ix":5},"o":{"a":0,"k":100,"ix":7}}]}],"ind":3,"parent":1}],"v":"5.5.9","fr":60,"op":178,"ip":0,"assets":[]}