{"nm":"payment","ddd":1,"h":500,"w":500,"meta":{"g":"@lottiefiles/toolkit-js 0.33.2"},"layers":[{"ty":4,"nm":"Capa 2 contornos","sr":1,"st":0,"op":75,"ip":0,"hd":false,"ddd":1,"bm":0,"hasMask":false,"ao":0,"ks":{"a":{"a":0,"k":[111.924,114.019,0],"ix":1},"s":{"a":0,"k":[80,80,80],"ix":6},"sk":{"a":0,"k":0},"p":{"a":1,"k":[{"o":{"x":0.333,"y":0},"i":{"x":0.667,"y":1},"s":[308.066,170.12,0],"t":0,"ti":[0,-6.667,0],"to":[0,6.667,0]},{"o":{"x":0.167,"y":0.167},"i":{"x":0.833,"y":0.833},"s":[308.066,210.12,0],"t":21,"ti":[0,0,0],"to":[0,0,0]},{"o":{"x":0.333,"y":0},"i":{"x":0.667,"y":1},"s":[308.066,210.12,0],"t":25,"ti":[0,6.667,0],"to":[0,-13.333,0]},{"o":{"x":0.333,"y":0},"i":{"x":0.667,"y":1},"s":[308.066,130.12,0],"t":41,"ti":[0,-6.667,0],"to":[0,-6.667,0]},{"s":[308.066,170.12,0],"t":62}],"ix":2},"sa":{"a":0,"k":0},"o":{"a":0,"k":100,"ix":11},"rx":{"a":0,"k":0,"ix":8},"ry":{"a":1,"k":[{"o":{"x":0.333,"y":0},"i":{"x":0.667,"y":1},"s":[0],"t":41},{"s":[360],"t":62}],"ix":9},"rz":{"a":0,"k":0,"ix":10},"or":{"a":0,"k":[0,0,0],"ix":7}},"ef":[],"shapes":[{"ty":"gr","bm":0,"hd":false,"mn":"ADBE Vector Group","nm":"Grupo 1","ix":1,"cix":2,"np":2,"it":[{"ty":"sh","bm":0,"hd":false,"mn":"ADBE Vector Shape - Group","nm":"Trazado 1","ix":1,"d":1,"ks":{"a":0,"k":{"c":true,"i":[[0,3.15],[5.856,0.174],[0.905,5.568],[-5.241,1.838],[-2.551,0.038],[-8.77,0.033],[-0.178,3.644],[5.289,0.053],[6.155,4.864],[-19.616,9.597],[0.259,3.102],[-0.345,2.111],[-5.705,-0.158],[-0.424,-6.28],[0,-2.939],[-5.412,-0.164],[-0.618,-6.367],[7.77,-0.131],[9.345,-0.037],[1.005,-0.819],[0.132,-2.012],[-1.84,-1.02],[-2.281,-0.114],[-2.779,-13.71],[13.059,-6.677],[0.314,-1.512],[0.295,-2.412],[6.302,0.241],[0.495,6.146]],"o":[[-6.402,0],[-6.026,-0.178],[-0.912,-5.611],[2.38,-0.834],[8.768,-0.129],[5.105,-0.02],[0.181,-3.734],[-7.678,-0.076],[-17.161,-13.561],[3.006,-1.471],[-0.177,-2.123],[0.971,-5.932],[6.144,0.17],[0.161,2.395],[5.879,0],[7.554,0.227],[0.71,7.321],[-9.342,0.158],[-1.568,0.006],[-1.825,1.487],[-0.114,1.723],[1.829,1.015],[14.6,0.733],[2.743,13.533],[-1.285,0.657],[-0.489,2.352],[-0.79,6.458],[-5.924,-0.227],[-0.195,-2.423]],"v":[[-11.411,47.622],[-29.533,47.585],[-40.997,37.831],[-33.876,25.009],[-26.265,23.898],[0.044,23.839],[8.197,18.117],[0.085,11.773],[-20.864,5.258],[-15.835,-44.137],[-12.096,-50.315],[-11.761,-56.749],[-0.039,-66.74],[11.503,-55.52],[11.529,-47.771],[28.24,-47.74],[41.199,-37.109],[29.076,-24.035],[1.041,-23.977],[-3.563,-23.486],[-7.76,-17.819],[-3.791,-12.549],[2.941,-11.761],[31.791,12.184],[14.965,44.823],[12.292,48.913],[11.95,56.206],[-0.143,66.658],[-11.379,55.647]]},"ix":2}},{"ty":"fl","bm":0,"hd":false,"mn":"ADBE Vector Graphic - Fill","nm":"Relleno 1","c":{"a":0,"k":[0.1608,0.2235,0.5451],"ix":4},"r":1,"o":{"a":0,"k":100,"ix":5}},{"ty":"tr","a":{"a":0,"k":[0,0],"ix":1},"s":{"a":0,"k":[100,100],"ix":3},"sk":{"a":0,"k":0,"ix":4},"p":{"a":0,"k":[109.324,111.68],"ix":2},"r":{"a":0,"k":0,"ix":6},"sa":{"a":0,"k":0,"ix":5},"o":{"a":0,"k":100,"ix":7}}]},{"ty":"gr","bm":0,"hd":false,"mn":"ADBE Vector Group","nm":"Grupo 2","ix":2,"cix":2,"np":4,"it":[{"ty":"sh","bm":0,"hd":false,"mn":"ADBE Vector Shape - Group","nm":"Trazado 1","ix":1,"d":1,"ks":{"a":0,"k":{"c":true,"i":[[32.968,0.149],[16.75,-15.075],[-25.523,-32.419],[-37.656,24.325],[8.792,32.296]],"o":[[-28.421,0.336],[-30.71,27.639],[27.602,35.06],[29.445,-19.02],[-9.973,-36.628]],"v":[[3.194,-83.712],[-61.661,-60.849],[-70.922,46.006],[44.616,65.012],[79.548,-21.788]]},"ix":2}},{"ty":"sh","bm":0,"hd":false,"mn":"ADBE Vector Shape - Group","nm":"Trazado 2","ix":2,"d":1,"ks":{"a":0,"k":{"c":true,"i":[[0.691,5.824],[-37.484,18.981],[-35.472,-21.274],[7.383,-38.861],[45.64,-10.825],[11.67,59.58]],"o":[[2.088,-42.395],[36.909,-18.689],[34.882,20.92],[-8.865,46.663],[-59.711,14.163],[-1.183,-6.037]],"v":[[-111.674,-2.072],[-52.859,-95.08],[56.464,-90.068],[104.292,13.26],[21.215,99.606],[-109.47,15.992]]},"ix":2}},{"ty":"mm","bm":0,"hd":false,"mn":"ADBE Vector Filter - Merge","nm":"Combinar trazados 1","mm":1},{"ty":"fl","bm":0,"hd":false,"mn":"ADBE Vector Graphic - Fill","nm":"Relleno 1","c":{"a":0,"k":[0.1608,0.2235,0.5451],"ix":4},"r":1,"o":{"a":0,"k":100,"ix":5}},{"ty":"tr","a":{"a":0,"k":[0,0],"ix":1},"s":{"a":0,"k":[100,100],"ix":3},"sk":{"a":0,"k":0,"ix":4},"p":{"a":0,"k":[111.924,114.019],"ix":2},"r":{"a":0,"k":0,"ix":6},"sa":{"a":0,"k":0,"ix":5},"o":{"a":0,"k":100,"ix":7}}]}],"ind":1},{"ty":4,"nm":"Capa 1 contornos","sr":1,"st":0,"op":75,"ip":0,"hd":false,"ddd":0,"bm":0,"hasMask":false,"ao":0,"ks":{"a":{"a":0,"k":[12.147,91.847,0],"ix":1},"s":{"a":0,"k":[80,80,100],"ix":6},"sk":{"a":0,"k":0},"p":{"a":0,"k":[86.095,346.04,0],"ix":2},"r":{"a":1,"k":[{"o":{"x":0.333,"y":0},"i":{"x":0.667,"y":1},"s":[0],"t":0},{"o":{"x":0.333,"y":0},"i":{"x":0.667,"y":1},"s":[13],"t":21},{"o":{"x":0.333,"y":0},"i":{"x":0.667,"y":1},"s":[13],"t":23},{"o":{"x":0.333,"y":0},"i":{"x":0.667,"y":1},"s":[-4],"t":41},{"s":[0],"t":50}],"ix":10},"sa":{"a":0,"k":0},"o":{"a":0,"k":100,"ix":11}},"ef":[],"shapes":[{"ty":"gr","bm":0,"hd":false,"mn":"ADBE Vector Group","nm":"Grupo 1","ix":1,"cix":2,"np":5,"it":[{"ty":"sh","bm":0,"hd":false,"mn":"ADBE Vector Shape - Group","nm":"Trazado 1","ix":1,"d":1,"ks":{"a":0,"k":{"c":true,"i":[[0,0],[-1.265,-0.001],[-23.156,-0.181],[0.012,3.775],[-0.128,41.986],[3.877,-0.031],[23.158,-0.011],[1.493,-0.066]],"o":[[1.698,0.084],[23.158,0.011],[3.845,0.03],[-0.132,-41.986],[0.011,-3.742],[-23.156,0.185],[-1.377,0],[0,0]],"v":[[-192.684,67.74],[-188.456,67.942],[-118.984,68.04],[-114.186,63.204],[-114.188,-62.755],[-118.964,-67.612],[-188.436,-67.512],[-192.684,-67.333]]},"ix":2}},{"ty":"sh","bm":0,"hd":false,"mn":"ADBE Vector Shape - Group","nm":"Trazado 2","ix":2,"d":1,"ks":{"a":0,"k":{"c":true,"i":[[-0.091,-1.903],[0,0],[-40.121,-0.209],[-8.815,5.049],[-29.582,16.847],[-11.693,6.752],[3.001,3.724],[2.969,-1.391],[17.801,-8.368],[13.684,-7.256],[24.89,2.329],[-0.445,6.131],[-6.533,0.181],[-2.581,-0.155],[-14.481,6.241],[1.187,2.493],[1.934,0.573],[1.71,-0.217],[13.11,2.511],[12.424,8.606],[11.214,-0.898],[11.986,-6.144],[-0.018,-3.195],[-0.012,-24.152]],"o":[[0,0],[40.122,0],[10.258,0.054],[29.54,-16.921],[11.734,-6.682],[4.506,-2.602],[-2.604,-3.231],[-17.812,8.344],[-14.033,6.597],[-22.312,11.832],[-6.404,-0.599],[0.444,-6.118],[2.578,-0.071],[15.806,0.95],[2.346,-1.01],[-0.758,-1.592],[-1.521,-0.45],[-13.197,1.674],[-14.972,-2.868],[-9.334,-6.466],[-13.557,1.086],[-2.781,1.426],[0.139,24.151],[0,1.401]],"v":[[-90.628,43.895],[-85.346,43.895],[35.018,43.98],[63.334,36.453],[152.069,-14.11],[187.247,-34.194],[189.444,-44.168],[180.898,-44.938],[127.482,-19.864],[85.458,0.073],[14.674,13.699],[4.421,1.502],[15.93,-9.023],[23.678,-8.661],[69.013,-17.043],[72.336,-22.084],[67.161,-25.369],[62.062,-24.913],[22.611,-25.835],[-17.923,-44.07],[-49.146,-51.454],[-87.102,-39.584],[-90.93,-33.266],[-90.846,39.19]]},"ix":2}},{"ty":"sh","bm":0,"hd":false,"mn":"ADBE Vector Shape - Group","nm":"Trazado 3","ix":3,"d":1,"ks":{"a":0,"k":{"c":true,"i":[[0,0],[-10.67,0.001],[-31.5,-0.005],[-0.008,-10.748],[0,-4.299],[-1.104,0.451],[-14.691,0.195],[-11.902,-8.717],[-19.349,0.53],[-3.562,0.441],[-9.323,-16.918],[-1.375,0.649],[-23.827,11.088],[-5.392,-19.354],[9.522,-6.23],[10.732,-6.111],[32.291,-18.492],[14.124,0.035],[40.131,0],[2.335,0],[0.023,-3.397],[8.568,-0.106],[12.37,-0.001],[19.706,0.004],[3.772,10.108]],"o":[[3.665,-9.533],[31.5,0],[10.729,0.002],[0.003,3.731],[1.506,-0.47],[13.534,-5.533],[14.531,-0.193],[15.688,11.491],[3.585,-0.099],[18.983,-2.354],[1.348,-0.581],[23.767,-11.217],[18.397,-8.561],[3.047,10.942],[-10.322,6.753],[-32.335,18.415],[-12.296,7.041],[-40.131,-0.098],[-1.702,0],[0,3.782],[-0.058,8.507],[-12.369,0.154],[-19.706,0.001],[-11.118,-0.002],[0,0]],"v":[[-216.897,-80.474],[-200.177,-91.594],[-105.676,-91.592],[-90.856,-76.74],[-90.855,-64.98],[-87.068,-66.176],[-44.882,-75.75],[-4.577,-64.159],[47.852,-47.718],[58.589,-48.597],[95.449,-29.761],[99.589,-31.553],[170.897,-65.188],[213.85,-45.49],[203.763,-16.533],[171.827,2.238],[74.772,57.397],[35.276,67.714],[-85.117,67.68],[-90.856,67.68],[-90.859,78.256],[-103.814,91.443],[-140.924,91.491],[-200.042,91.49],[-216.897,80.041]]},"ix":2}},{"ty":"mm","bm":0,"hd":false,"mn":"ADBE Vector Filter - Merge","nm":"Combinar trazados 1","mm":1},{"ty":"fl","bm":0,"hd":false,"mn":"ADBE Vector Graphic - Fill","nm":"Relleno 1","c":{"a":0,"k":[0.1608,0.2235,0.5451],"ix":4},"r":1,"o":{"a":0,"k":100,"ix":5}},{"ty":"tr","a":{"a":0,"k":[0,0],"ix":1},"s":{"a":0,"k":[100,100],"ix":3},"sk":{"a":0,"k":0,"ix":4},"p":{"a":0,"k":[217.147,91.847],"ix":2},"r":{"a":0,"k":0,"ix":6},"sa":{"a":0,"k":0,"ix":5},"o":{"a":0,"k":100,"ix":7}}]}],"ind":2}],"v":"5.7.6","fr":25,"op":75,"ip":0,"assets":[]}