{"nm":"error","ddd":0,"h":180,"w":180,"meta":{"g":"@lottiefiles/toolkit-js 0.33.2"},"layers":[{"ty":4,"nm":"Shape","sr":1,"st":0,"op":180,"ip":0,"hd":false,"ddd":0,"bm":0,"hasMask":false,"ao":0,"ks":{"a":{"a":0,"k":[0,37,0],"ix":1},"s":{"a":1,"k":[{"o":{"x":0.333,"y":0},"i":{"x":0.833,"y":0.833},"s":[100,100,100],"t":10},{"o":{"x":0.333,"y":0},"i":{"x":0.833,"y":0.833},"s":[105,105,100],"t":30},{"s":[100,100,100],"t":60}],"ix":6},"sk":{"a":0,"k":0},"p":{"a":1,"k":[{"o":{"x":0.333,"y":0},"i":{"x":0.833,"y":0.833},"s":[89.661,126.788,0],"t":10,"ti":[0.11,0,0],"to":[-0.277,0,0]},{"o":{"x":0.333,"y":0},"i":{"x":0.833,"y":0.833},"s":[88,126.788,0],"t":20,"ti":[0,0,0],"to":[-0.11,0,0]},{"o":{"x":0.333,"y":0},"i":{"x":0.833,"y":0.833},"s":[89,126.788,0],"t":30,"ti":[0,0,0],"to":[0,0,0]},{"o":{"x":0.333,"y":0},"i":{"x":0.833,"y":0.833},"s":[88,126.788,0],"t":40,"ti":[-0.277,0,0],"to":[0,0,0]},{"o":{"x":0.333,"y":0},"i":{"x":0.833,"y":0.833},"s":[89,126.788,0],"t":50,"ti":[-0.11,0,0],"to":[0.277,0,0]},{"s":[89.661,126.788,0],"t":60}],"ix":2},"r":{"a":1,"k":[{"o":{"x":0.333,"y":0},"i":{"x":0.833,"y":0.833},"s":[0],"t":10},{"o":{"x":0.333,"y":0},"i":{"x":0.833,"y":0.833},"s":[-16],"t":20},{"o":{"x":0.333,"y":0},"i":{"x":0.833,"y":0.833},"s":[16],"t":30},{"o":{"x":0.333,"y":0},"i":{"x":0.833,"y":0.833},"s":[-8],"t":40},{"o":{"x":0.333,"y":0},"i":{"x":0.833,"y":0.833},"s":[4],"t":50},{"o":{"x":0.333,"y":0},"i":{"x":0.833,"y":0.833},"s":[-2],"t":60},{"s":[0],"t":66}],"ix":10},"sa":{"a":0,"k":0},"o":{"a":0,"k":100,"ix":11}},"ef":[],"shapes":[{"ty":"gr","bm":0,"hd":false,"mn":"ADBE Vector Group","nm":"Shape","ix":1,"cix":2,"np":4,"it":[{"ty":"sh","bm":0,"hd":false,"mn":"ADBE Vector Shape - Group","nm":"í¨ì¤ 1","ix":1,"d":1,"ks":{"a":0,"k":{"c":true,"i":[[0,0.11],[0,0],[1.88,0],[0,-2.36],[0,0],[-0.11,0],[0,0]],"o":[[0,0],[0,-2.33],[-1.93,0],[0,0],[0.01,0.11],[0,0],[0.11,0]],"v":[[3.205,5.691],[3.705,-12.329],[0.005,-15.929],[-3.705,-12.329],[-3.215,5.691],[-3.015,5.881],[3.005,5.881]]},"ix":2}},{"ty":"sh","bm":0,"hd":false,"mn":"ADBE Vector Shape - Group","nm":"í¨ì¤ 2","ix":2,"d":1,"ks":{"a":0,"k":{"c":true,"i":[[0,2.25],[-2.44,0],[0,-2.22],[2.43,0]],"o":[[0,-2.25],[2.43,0],[0,2.21],[-2.44,0]],"v":[[-3.887,12.261],[0.003,8.591],[3.883,12.261],[0.003,15.931]]},"ix":2}},{"ty":"mm","bm":0,"hd":false,"mn":"ADBE Vector Filter - Merge","nm":"í¨ì¤ ë³í© 1","mm":1},{"ty":"fl","bm":0,"hd":false,"mn":"ADBE Vector Graphic - Fill","nm":"ì¹  1","c":{"a":0,"k":[1,1,1],"ix":4},"r":1,"o":{"a":0,"k":100,"ix":5}},{"ty":"tr","a":{"a":0,"k":[0,0],"ix":1},"s":{"a":0,"k":[300,300],"ix":3},"sk":{"a":0,"k":0,"ix":4},"p":{"a":0,"k":[0,0],"ix":2},"r":{"a":0,"k":0,"ix":6},"sa":{"a":0,"k":0,"ix":5},"o":{"a":0,"k":100,"ix":7}}]}],"ind":1},{"ty":4,"nm":"Oval","sr":1,"st":0,"op":180,"ip":0,"hd":false,"ddd":0,"bm":0,"hasMask":false,"ao":0,"ks":{"a":{"a":0,"k":[0,0,0],"ix":1},"s":{"a":0,"k":[100,100,100],"ix":6},"sk":{"a":0,"k":0},"p":{"a":0,"k":[90,90,0],"ix":2},"r":{"a":0,"k":0,"ix":10},"sa":{"a":0,"k":0},"o":{"a":0,"k":100,"ix":11}},"ef":[],"shapes":[{"ty":"gr","bm":0,"hd":false,"mn":"ADBE Vector Group","nm":"Oval","ix":1,"cix":2,"np":2,"it":[{"ty":"el","bm":0,"hd":false,"mn":"ADBE Vector Shape - Ellipse","nm":"íì í¨ì¤ 1","d":1,"p":{"a":0,"k":[0,0],"ix":3},"s":{"a":0,"k":[52,52],"ix":2}},{"ty":"fl","bm":0,"hd":false,"mn":"ADBE Vector Graphic - Fill","nm":"ì¹  1","c":{"a":0,"k":[0.2314,0.3529,0.9412],"ix":4},"r":1,"o":{"a":0,"k":100,"ix":5}},{"ty":"tr","a":{"a":0,"k":[0,0],"ix":1},"s":{"a":0,"k":[300,300],"ix":3},"sk":{"a":0,"k":0,"ix":4},"p":{"a":0,"k":[0,0],"ix":2},"r":{"a":0,"k":0,"ix":6},"sa":{"a":0,"k":0,"ix":5},"o":{"a":0,"k":100,"ix":7}}]}],"ind":2}],"v":"5.5.1","fr":60,"op":90,"ip":0,"assets":[]}