{"nm":"Main","ddd":0,"h":1000,"w":1080,"meta":{"g":"LottieFiles AE 1.0.0"},"layers":[{"ty":4,"nm":"main_heart","sr":1,"st":0,"op":36.0000014663101,"ip":0,"hd":false,"ddd":0,"bm":0,"hasMask":false,"ao":0,"ks":{"a":{"a":0,"k":[191.763,170.375,0],"ix":1},"s":{"a":1,"k":[{"o":{"x":0.167,"y":0.167},"i":{"x":0.833,"y":0.833},"s":[0,0,100],"t":0},{"o":{"x":0.167,"y":0.167},"i":{"x":0.833,"y":0.833},"s":[11.5,11.5,100],"t":1},{"o":{"x":0.167,"y":0.167},"i":{"x":0.833,"y":0.833},"s":[23,23,100],"t":2},{"o":{"x":0.167,"y":0.167},"i":{"x":0.833,"y":0.833},"s":[34.5,34.5,100],"t":3},{"o":{"x":0.167,"y":0.167},"i":{"x":0.833,"y":0.833},"s":[46,46,100],"t":4},{"o":{"x":0.167,"y":0.167},"i":{"x":0.833,"y":0.822},"s":[57.5,57.5,100],"t":5},{"o":{"x":0.167,"y":0.156},"i":{"x":0.833,"y":0.858},"s":[69,69,100],"t":6},{"o":{"x":0.167,"y":0.201},"i":{"x":0.833,"y":0.877},"s":[82.126,82.126,100],"t":7},{"o":{"x":0.167,"y":0.259},"i":{"x":0.833,"y":0.928},"s":[91.43,91.43,100],"t":8},{"o":{"x":0.167,"y":-0.529},"i":{"x":0.833,"y":0.239},"s":[95.842,95.842,100],"t":9},{"o":{"x":0.167,"y":0.094},"i":{"x":0.833,"y":0.783},"s":[95.242,95.242,100],"t":10},{"o":{"x":0.167,"y":0.135},"i":{"x":0.833,"y":0.82},"s":[90.354,90.354,100],"t":11},{"o":{"x":0.167,"y":0.155},"i":{"x":0.833,"y":0.837},"s":[82.527,82.527,100],"t":12},{"o":{"x":0.167,"y":0.171},"i":{"x":0.833,"y":0.851},"s":[73.429,73.429,100],"t":13},{"o":{"x":0.167,"y":0.188},"i":{"x":0.833,"y":0.866},"s":[64.732,64.732,100],"t":14},{"o":{"x":0.167,"y":0.221},"i":{"x":0.833,"y":0.895},"s":[57.831,57.831,100],"t":15},{"o":{"x":0.167,"y":0.398},"i":{"x":0.833,"y":1.05},"s":[53.649,53.649,100],"t":16},{"o":{"x":0.167,"y":0.031},"i":{"x":0.833,"y":0.729},"s":[52.541,52.541,100],"t":17},{"o":{"x":0.167,"y":0.12},"i":{"x":0.833,"y":0.807},"s":[54.308,54.308,100],"t":18},{"o":{"x":0.167,"y":0.146},"i":{"x":0.833,"y":0.829},"s":[58.296,58.296,100],"t":19},{"o":{"x":0.167,"y":0.163},"i":{"x":0.833,"y":0.844},"s":[63.565,63.565,100],"t":20},{"o":{"x":0.167,"y":0.179},"i":{"x":0.833,"y":0.858},"s":[69.08,69.08,100],"t":21},{"o":{"x":0.167,"y":0.201},"i":{"x":0.833,"y":0.878},"s":[73.892,73.892,100],"t":22},{"o":{"x":0.167,"y":0.261},"i":{"x":0.833,"y":0.93},"s":[77.29,77.29,100],"t":23},{"o":{"x":0.167,"y":-0.454},"i":{"x":0.833,"y":0.304},"s":[78.885,78.885,100],"t":24},{"o":{"x":0.167,"y":0.095},"i":{"x":0.833,"y":0.784},"s":[78.637,78.637,100],"t":25},{"o":{"x":0.167,"y":0.136},"i":{"x":0.833,"y":0.82},"s":[76.819,76.819,100],"t":26},{"o":{"x":0.167,"y":0.155},"i":{"x":0.833,"y":0.837},"s":[73.928,73.928,100],"t":27},{"o":{"x":0.167,"y":0.171},"i":{"x":0.833,"y":0.851},"s":[70.579,70.579,100],"t":28},{"o":{"x":0.167,"y":0.189},"i":{"x":0.833,"y":0.866},"s":[67.386,67.386,100],"t":29},{"o":{"x":0.167,"y":0.222},"i":{"x":0.833,"y":0.895},"s":[64.86,64.86,100],"t":30},{"o":{"x":0.167,"y":0.408},"i":{"x":0.833,"y":1.058},"s":[63.338,63.338,100],"t":31},{"o":{"x":0.167,"y":0.034},"i":{"x":0.833,"y":0.731},"s":[62.947,62.947,100],"t":32},{"o":{"x":0.167,"y":0.121},"i":{"x":0.833,"y":0.807},"s":[63.612,63.612,100],"t":33},{"o":{"x":0.167,"y":0.147},"i":{"x":0.833,"y":0.833},"s":[65.089,65.089,100],"t":34},{"s":[67.031,67.031,100],"t":35.0000014255792}],"ix":6},"sk":{"a":0,"k":0},"p":{"a":0,"k":[540,500,0],"ix":2},"r":{"a":0,"k":1,"ix":10},"sa":{"a":0,"k":0},"o":{"a":0,"k":100,"ix":11}},"ef":[],"shapes":[{"ty":"gr","bm":0,"hd":false,"mn":"ADBE Vector Group","nm":"Group 1","ix":1,"cix":2,"np":2,"it":[{"ty":"sh","bm":0,"hd":false,"mn":"ADBE Vector Shape - Group","nm":"Path 1","ix":1,"d":1,"ks":{"a":0,"k":{"c":true,"i":[[0,0],[29.042,-0.225],[17.08,-13.504],[6.834,-9.562],[9.259,7.24],[21.774,-0.097],[19.64,-21.396],[-0.528,-30.016],[-23.537,-25.374],[-33.951,-27.076],[-15.463,-13.491],[-8.455,7.395],[-13.151,11.164],[-29.165,32.169],[-0.871,34.604],[19.998,22.408]],"o":[[-19.64,-21.396],[-21.773,-0.096],[-9.258,7.24],[-6.833,-9.563],[-17.079,-13.505],[-29.043,-0.225],[-19.975,22.412],[0.881,34.6],[29.166,32.174],[13.134,11.198],[8.454,7.395],[15.463,-13.592],[33.952,-27.069],[23.536,-25.381],[0.521,-30.029],[0,0]],"v":[[160.743,-137.462],[84.281,-170.713],[24.267,-150.001],[0.003,-124.667],[-24.26,-150.001],[-84.275,-170.713],[-160.737,-137.462],[-190.982,-55.919],[-153.091,37.143],[-58.26,126.162],[-14.762,163.544],[14.768,163.544],[58.284,126.162],[153.114,37.161],[190.988,-55.919],[160.692,-137.479]]},"ix":2}},{"ty":"fl","bm":0,"hd":false,"mn":"ADBE Vector Graphic - Fill","nm":"Fill 1","c":{"a":0,"k":[0.0627,0.0157,0.5373],"ix":4},"r":1,"o":{"a":0,"k":100,"ix":5}},{"ty":"tr","a":{"a":0,"k":[0,0],"ix":1},"s":{"a":0,"k":[100,100],"ix":3},"sk":{"a":0,"k":0,"ix":4},"p":{"a":0,"k":[191.759,171.189],"ix":2},"r":{"a":0,"k":0,"ix":6},"sa":{"a":0,"k":0,"ix":5},"o":{"a":0,"k":100,"ix":7}}]}],"ind":1},{"ty":0,"nm":"minihearts","sr":1,"st":4.00000016292334,"op":34.0000013848484,"ip":4.00000016292334,"hd":false,"ddd":0,"bm":0,"hasMask":false,"ao":0,"ks":{"a":{"a":0,"k":[540,500,0],"ix":1},"s":{"a":0,"k":[100,100,100],"ix":6},"sk":{"a":0,"k":0},"p":{"a":0,"k":[540,500,0],"ix":2},"r":{"a":0,"k":0,"ix":10},"sa":{"a":0,"k":0},"o":{"a":0,"k":100,"ix":11}},"ef":[],"w":1080,"h":1000,"refId":"comp_0","ind":2}],"v":"4.8.0","fr":29.9700012207031,"op":36.0000014663101,"ip":0,"assets":[{"nm":"","id":"comp_0","layers":[{"ty":4,"nm":"main_heart 9","sr":1,"st":0,"op":36.0000014663101,"ip":0,"hd":false,"ddd":0,"bm":0,"hasMask":false,"ao":0,"ks":{"a":{"a":0,"k":[191.763,170.375,0],"ix":1},"s":{"a":1,"k":[{"o":{"x":0.333,"y":0},"i":{"x":0.667,"y":1},"s":[25,25,100],"t":0},{"s":[0,0,100],"t":24.00000097754}],"ix":6},"sk":{"a":0,"k":0},"p":{"a":1,"k":[{"o":{"x":0.333,"y":0},"i":{"x":0.667,"y":1},"s":[540,500,0],"t":0,"ti":[-42.333,58.667,0],"to":[42.333,-58.667,0]},{"s":[794,148,0],"t":24.00000097754}],"ix":2},"r":{"a":1,"k":[{"o":{"x":0.333,"y":0},"i":{"x":0.667,"y":1},"s":[1],"t":0},{"s":[361],"t":24.00000097754}],"ix":10},"sa":{"a":0,"k":0},"o":{"a":0,"k":100,"ix":11}},"ef":[],"shapes":[{"ty":"gr","bm":0,"hd":false,"mn":"ADBE Vector Group","nm":"Group 1","ix":1,"cix":2,"np":2,"it":[{"ty":"sh","bm":0,"hd":false,"mn":"ADBE Vector Shape - Group","nm":"Path 1","ix":1,"d":1,"ks":{"a":0,"k":{"c":true,"i":[[0,0],[29.042,-0.225],[17.08,-13.504],[6.834,-9.562],[9.259,7.24],[21.774,-0.097],[19.64,-21.396],[-0.528,-30.016],[-23.537,-25.374],[-33.951,-27.076],[-15.463,-13.491],[-8.455,7.395],[-13.151,11.164],[-29.165,32.169],[-0.871,34.604],[19.998,22.408]],"o":[[-19.64,-21.396],[-21.773,-0.096],[-9.258,7.24],[-6.833,-9.563],[-17.079,-13.505],[-29.043,-0.225],[-19.975,22.412],[0.881,34.6],[29.166,32.174],[13.134,11.198],[8.454,7.395],[15.463,-13.592],[33.952,-27.069],[23.536,-25.381],[0.521,-30.029],[0,0]],"v":[[160.743,-137.462],[84.281,-170.713],[24.267,-150.001],[0.003,-124.667],[-24.26,-150.001],[-84.275,-170.713],[-160.737,-137.462],[-190.982,-55.919],[-153.091,37.143],[-58.26,126.162],[-14.762,163.544],[14.768,163.544],[58.284,126.162],[153.114,37.161],[190.988,-55.919],[160.692,-137.479]]},"ix":2}},{"ty":"fl","bm":0,"hd":false,"mn":"ADBE Vector Graphic - Fill","nm":"Fill 1","c":{"a":0,"k":[0.0627,0.0157,0.5373],"ix":4},"r":1,"o":{"a":0,"k":100,"ix":5}},{"ty":"tr","a":{"a":0,"k":[0,0],"ix":1},"s":{"a":0,"k":[100,100],"ix":3},"sk":{"a":0,"k":0,"ix":4},"p":{"a":0,"k":[191.759,171.189],"ix":2},"r":{"a":0,"k":0,"ix":6},"sa":{"a":0,"k":0,"ix":5},"o":{"a":0,"k":100,"ix":7}}]}],"ind":1},{"ty":4,"nm":"main_heart 8","sr":1,"st":0,"op":36.0000014663101,"ip":0,"hd":false,"ddd":0,"bm":0,"hasMask":false,"ao":0,"ks":{"a":{"a":0,"k":[191.763,170.375,0],"ix":1},"s":{"a":1,"k":[{"o":{"x":0.333,"y":0},"i":{"x":0.667,"y":1},"s":[25,25,100],"t":0},{"o":{"x":0.333,"y":0},"i":{"x":0.667,"y":1},"s":[25,25,100],"t":12},{"s":[0,0,100],"t":24.00000097754}],"ix":6},"sk":{"a":0,"k":0},"p":{"a":1,"k":[{"o":{"x":0.333,"y":0},"i":{"x":0.667,"y":1},"s":[540,500,0],"t":0,"ti":[38,66.333,0],"to":[-38,-66.333,0]},{"s":[312,102,0],"t":24.00000097754}],"ix":2},"r":{"a":1,"k":[{"o":{"x":0.333,"y":0},"i":{"x":0.667,"y":1},"s":[64],"t":0},{"s":[361],"t":24.00000097754}],"ix":10},"sa":{"a":0,"k":0},"o":{"a":0,"k":100,"ix":11}},"ef":[],"shapes":[{"ty":"gr","bm":0,"hd":false,"mn":"ADBE Vector Group","nm":"Group 1","ix":1,"cix":2,"np":2,"it":[{"ty":"sh","bm":0,"hd":false,"mn":"ADBE Vector Shape - Group","nm":"Path 1","ix":1,"d":1,"ks":{"a":0,"k":{"c":true,"i":[[0,0],[29.042,-0.225],[17.08,-13.504],[6.834,-9.562],[9.259,7.24],[21.774,-0.097],[19.64,-21.396],[-0.528,-30.016],[-23.537,-25.374],[-33.951,-27.076],[-15.463,-13.491],[-8.455,7.395],[-13.151,11.164],[-29.165,32.169],[-0.871,34.604],[19.998,22.408]],"o":[[-19.64,-21.396],[-21.773,-0.096],[-9.258,7.24],[-6.833,-9.563],[-17.079,-13.505],[-29.043,-0.225],[-19.975,22.412],[0.881,34.6],[29.166,32.174],[13.134,11.198],[8.454,7.395],[15.463,-13.592],[33.952,-27.069],[23.536,-25.381],[0.521,-30.029],[0,0]],"v":[[160.743,-137.462],[84.281,-170.713],[24.267,-150.001],[0.003,-124.667],[-24.26,-150.001],[-84.275,-170.713],[-160.737,-137.462],[-190.982,-55.919],[-153.091,37.143],[-58.26,126.162],[-14.762,163.544],[14.768,163.544],[58.284,126.162],[153.114,37.161],[190.988,-55.919],[160.692,-137.479]]},"ix":2}},{"ty":"fl","bm":0,"hd":false,"mn":"ADBE Vector Graphic - Fill","nm":"Fill 1","c":{"a":0,"k":[0.0627,0.0157,0.5373],"ix":4},"r":1,"o":{"a":0,"k":100,"ix":5}},{"ty":"tr","a":{"a":0,"k":[0,0],"ix":1},"s":{"a":0,"k":[100,100],"ix":3},"sk":{"a":0,"k":0,"ix":4},"p":{"a":0,"k":[191.759,171.189],"ix":2},"r":{"a":0,"k":0,"ix":6},"sa":{"a":0,"k":0,"ix":5},"o":{"a":0,"k":100,"ix":7}}]}],"ind":2},{"ty":4,"nm":"main_heart 7","sr":1,"st":0,"op":36.0000014663101,"ip":0,"hd":false,"ddd":0,"bm":0,"hasMask":false,"ao":0,"ks":{"a":{"a":0,"k":[191.763,170.375,0],"ix":1},"s":{"a":1,"k":[{"o":{"x":0.333,"y":0},"i":{"x":0.667,"y":1},"s":[25,25,100],"t":0},{"s":[0,0,100],"t":24.00000097754}],"ix":6},"sk":{"a":0,"k":0},"p":{"a":1,"k":[{"o":{"x":0.333,"y":0},"i":{"x":0.667,"y":1},"s":[540,500,0],"t":0,"ti":[-12.333,34,0],"to":[12.333,-34,0]},{"s":[614,296,0],"t":24.00000097754}],"ix":2},"r":{"a":0,"k":181,"ix":10},"sa":{"a":0,"k":0},"o":{"a":0,"k":100,"ix":11}},"ef":[],"shapes":[{"ty":"gr","bm":0,"hd":false,"mn":"ADBE Vector Group","nm":"Group 1","ix":1,"cix":2,"np":2,"it":[{"ty":"sh","bm":0,"hd":false,"mn":"ADBE Vector Shape - Group","nm":"Path 1","ix":1,"d":1,"ks":{"a":0,"k":{"c":true,"i":[[0,0],[29.042,-0.225],[17.08,-13.504],[6.834,-9.562],[9.259,7.24],[21.774,-0.097],[19.64,-21.396],[-0.528,-30.016],[-23.537,-25.374],[-33.951,-27.076],[-15.463,-13.491],[-8.455,7.395],[-13.151,11.164],[-29.165,32.169],[-0.871,34.604],[19.998,22.408]],"o":[[-19.64,-21.396],[-21.773,-0.096],[-9.258,7.24],[-6.833,-9.563],[-17.079,-13.505],[-29.043,-0.225],[-19.975,22.412],[0.881,34.6],[29.166,32.174],[13.134,11.198],[8.454,7.395],[15.463,-13.592],[33.952,-27.069],[23.536,-25.381],[0.521,-30.029],[0,0]],"v":[[160.743,-137.462],[84.281,-170.713],[24.267,-150.001],[0.003,-124.667],[-24.26,-150.001],[-84.275,-170.713],[-160.737,-137.462],[-190.982,-55.919],[-153.091,37.143],[-58.26,126.162],[-14.762,163.544],[14.768,163.544],[58.284,126.162],[153.114,37.161],[190.988,-55.919],[160.692,-137.479]]},"ix":2}},{"ty":"fl","bm":0,"hd":false,"mn":"ADBE Vector Graphic - Fill","nm":"Fill 1","c":{"a":0,"k":[0.0627,0.0157,0.5373],"ix":4},"r":1,"o":{"a":0,"k":100,"ix":5}},{"ty":"tr","a":{"a":0,"k":[0,0],"ix":1},"s":{"a":0,"k":[100,100],"ix":3},"sk":{"a":0,"k":0,"ix":4},"p":{"a":0,"k":[191.759,171.189],"ix":2},"r":{"a":0,"k":0,"ix":6},"sa":{"a":0,"k":0,"ix":5},"o":{"a":0,"k":100,"ix":7}}]}],"ind":3},{"ty":4,"nm":"main_heart 6","sr":1,"st":0,"op":36.0000014663101,"ip":0,"hd":false,"ddd":0,"bm":0,"hasMask":false,"ao":0,"ks":{"a":{"a":0,"k":[191.763,170.375,0],"ix":1},"s":{"a":1,"k":[{"o":{"x":0.333,"y":0},"i":{"x":0.667,"y":1},"s":[25,25,100],"t":0},{"s":[0,0,100],"t":24.00000097754}],"ix":6},"sk":{"a":0,"k":0},"p":{"a":1,"k":[{"o":{"x":0.333,"y":0},"i":{"x":0.667,"y":1},"s":[540,500,0],"t":0,"ti":[57.333,39.333,0],"to":[-57.333,-39.333,0]},{"s":[196,264,0],"t":24.00000097754}],"ix":2},"r":{"a":1,"k":[{"o":{"x":0.333,"y":0},"i":{"x":0.667,"y":1},"s":[181],"t":0},{"s":[541],"t":24.00000097754}],"ix":10},"sa":{"a":0,"k":0},"o":{"a":0,"k":100,"ix":11}},"ef":[],"shapes":[{"ty":"gr","bm":0,"hd":false,"mn":"ADBE Vector Group","nm":"Group 1","ix":1,"cix":2,"np":2,"it":[{"ty":"sh","bm":0,"hd":false,"mn":"ADBE Vector Shape - Group","nm":"Path 1","ix":1,"d":1,"ks":{"a":0,"k":{"c":true,"i":[[0,0],[29.042,-0.225],[17.08,-13.504],[6.834,-9.562],[9.259,7.24],[21.774,-0.097],[19.64,-21.396],[-0.528,-30.016],[-23.537,-25.374],[-33.951,-27.076],[-15.463,-13.491],[-8.455,7.395],[-13.151,11.164],[-29.165,32.169],[-0.871,34.604],[19.998,22.408]],"o":[[-19.64,-21.396],[-21.773,-0.096],[-9.258,7.24],[-6.833,-9.563],[-17.079,-13.505],[-29.043,-0.225],[-19.975,22.412],[0.881,34.6],[29.166,32.174],[13.134,11.198],[8.454,7.395],[15.463,-13.592],[33.952,-27.069],[23.536,-25.381],[0.521,-30.029],[0,0]],"v":[[160.743,-137.462],[84.281,-170.713],[24.267,-150.001],[0.003,-124.667],[-24.26,-150.001],[-84.275,-170.713],[-160.737,-137.462],[-190.982,-55.919],[-153.091,37.143],[-58.26,126.162],[-14.762,163.544],[14.768,163.544],[58.284,126.162],[153.114,37.161],[190.988,-55.919],[160.692,-137.479]]},"ix":2}},{"ty":"fl","bm":0,"hd":false,"mn":"ADBE Vector Graphic - Fill","nm":"Fill 1","c":{"a":0,"k":[0.0627,0.0157,0.5373],"ix":4},"r":1,"o":{"a":0,"k":100,"ix":5}},{"ty":"tr","a":{"a":0,"k":[0,0],"ix":1},"s":{"a":0,"k":[100,100],"ix":3},"sk":{"a":0,"k":0,"ix":4},"p":{"a":0,"k":[191.759,171.189],"ix":2},"r":{"a":0,"k":0,"ix":6},"sa":{"a":0,"k":0,"ix":5},"o":{"a":0,"k":100,"ix":7}}]}],"ind":4},{"ty":4,"nm":"main_heart 5","sr":1,"st":0,"op":36.0000014663101,"ip":0,"hd":false,"ddd":0,"bm":0,"hasMask":false,"ao":0,"ks":{"a":{"a":0,"k":[191.763,170.375,0],"ix":1},"s":{"a":1,"k":[{"o":{"x":0.333,"y":0},"i":{"x":0.667,"y":1},"s":[25,25,100],"t":0},{"s":[0,0,100],"t":24.00000097754}],"ix":6},"sk":{"a":0,"k":0},"p":{"a":1,"k":[{"o":{"x":0.333,"y":0},"i":{"x":0.667,"y":1},"s":[540,500,0],"t":0,"ti":[-66.333,8.667,0],"to":[66.333,-8.667,0]},{"s":[938,448,0],"t":24.00000097754}],"ix":2},"r":{"a":1,"k":[{"o":{"x":0.333,"y":0},"i":{"x":0.667,"y":1},"s":[1],"t":0},{"s":[139],"t":24.00000097754}],"ix":10},"sa":{"a":0,"k":0},"o":{"a":0,"k":100,"ix":11}},"ef":[],"shapes":[{"ty":"gr","bm":0,"hd":false,"mn":"ADBE Vector Group","nm":"Group 1","ix":1,"cix":2,"np":2,"it":[{"ty":"sh","bm":0,"hd":false,"mn":"ADBE Vector Shape - Group","nm":"Path 1","ix":1,"d":1,"ks":{"a":0,"k":{"c":true,"i":[[0,0],[29.042,-0.225],[17.08,-13.504],[6.834,-9.562],[9.259,7.24],[21.774,-0.097],[19.64,-21.396],[-0.528,-30.016],[-23.537,-25.374],[-33.951,-27.076],[-15.463,-13.491],[-8.455,7.395],[-13.151,11.164],[-29.165,32.169],[-0.871,34.604],[19.998,22.408]],"o":[[-19.64,-21.396],[-21.773,-0.096],[-9.258,7.24],[-6.833,-9.563],[-17.079,-13.505],[-29.043,-0.225],[-19.975,22.412],[0.881,34.6],[29.166,32.174],[13.134,11.198],[8.454,7.395],[15.463,-13.592],[33.952,-27.069],[23.536,-25.381],[0.521,-30.029],[0,0]],"v":[[160.743,-137.462],[84.281,-170.713],[24.267,-150.001],[0.003,-124.667],[-24.26,-150.001],[-84.275,-170.713],[-160.737,-137.462],[-190.982,-55.919],[-153.091,37.143],[-58.26,126.162],[-14.762,163.544],[14.768,163.544],[58.284,126.162],[153.114,37.161],[190.988,-55.919],[160.692,-137.479]]},"ix":2}},{"ty":"fl","bm":0,"hd":false,"mn":"ADBE Vector Graphic - Fill","nm":"Fill 1","c":{"a":0,"k":[0.0627,0.0157,0.5373],"ix":4},"r":1,"o":{"a":0,"k":100,"ix":5}},{"ty":"tr","a":{"a":0,"k":[0,0],"ix":1},"s":{"a":0,"k":[100,100],"ix":3},"sk":{"a":0,"k":0,"ix":4},"p":{"a":0,"k":[191.759,171.189],"ix":2},"r":{"a":0,"k":0,"ix":6},"sa":{"a":0,"k":0,"ix":5},"o":{"a":0,"k":100,"ix":7}}]}],"ind":5},{"ty":4,"nm":"main_heart 4","sr":1,"st":0,"op":36.0000014663101,"ip":0,"hd":false,"ddd":0,"bm":0,"hasMask":false,"ao":0,"ks":{"a":{"a":0,"k":[191.763,170.375,0],"ix":1},"s":{"a":1,"k":[{"o":{"x":0.333,"y":0},"i":{"x":0.667,"y":1},"s":[25,25,100],"t":0},{"s":[0,0,100],"t":24.00000097754}],"ix":6},"sk":{"a":0,"k":0},"p":{"a":1,"k":[{"o":{"x":0.333,"y":0},"i":{"x":0.667,"y":1},"s":[540,500,0],"t":0,"ti":[88.333,12.333,0],"to":[-88.333,-12.333,0]},{"s":[10,426,0],"t":24.00000097754}],"ix":2},"r":{"a":1,"k":[{"o":{"x":0.333,"y":0},"i":{"x":0.667,"y":1},"s":[1],"t":0},{"s":[361],"t":24.00000097754}],"ix":10},"sa":{"a":0,"k":0},"o":{"a":0,"k":100,"ix":11}},"ef":[],"shapes":[{"ty":"gr","bm":0,"hd":false,"mn":"ADBE Vector Group","nm":"Group 1","ix":1,"cix":2,"np":2,"it":[{"ty":"sh","bm":0,"hd":false,"mn":"ADBE Vector Shape - Group","nm":"Path 1","ix":1,"d":1,"ks":{"a":0,"k":{"c":true,"i":[[0,0],[29.042,-0.225],[17.08,-13.504],[6.834,-9.562],[9.259,7.24],[21.774,-0.097],[19.64,-21.396],[-0.528,-30.016],[-23.537,-25.374],[-33.951,-27.076],[-15.463,-13.491],[-8.455,7.395],[-13.151,11.164],[-29.165,32.169],[-0.871,34.604],[19.998,22.408]],"o":[[-19.64,-21.396],[-21.773,-0.096],[-9.258,7.24],[-6.833,-9.563],[-17.079,-13.505],[-29.043,-0.225],[-19.975,22.412],[0.881,34.6],[29.166,32.174],[13.134,11.198],[8.454,7.395],[15.463,-13.592],[33.952,-27.069],[23.536,-25.381],[0.521,-30.029],[0,0]],"v":[[160.743,-137.462],[84.281,-170.713],[24.267,-150.001],[0.003,-124.667],[-24.26,-150.001],[-84.275,-170.713],[-160.737,-137.462],[-190.982,-55.919],[-153.091,37.143],[-58.26,126.162],[-14.762,163.544],[14.768,163.544],[58.284,126.162],[153.114,37.161],[190.988,-55.919],[160.692,-137.479]]},"ix":2}},{"ty":"fl","bm":0,"hd":false,"mn":"ADBE Vector Graphic - Fill","nm":"Fill 1","c":{"a":0,"k":[0.0627,0.0157,0.5373],"ix":4},"r":1,"o":{"a":0,"k":100,"ix":5}},{"ty":"tr","a":{"a":0,"k":[0,0],"ix":1},"s":{"a":0,"k":[100,100],"ix":3},"sk":{"a":0,"k":0,"ix":4},"p":{"a":0,"k":[191.759,171.189],"ix":2},"r":{"a":0,"k":0,"ix":6},"sa":{"a":0,"k":0,"ix":5},"o":{"a":0,"k":100,"ix":7}}]}],"ind":6},{"ty":4,"nm":"main_heart 3","sr":1,"st":0,"op":36.0000014663101,"ip":0,"hd":false,"ddd":0,"bm":0,"hasMask":false,"ao":0,"ks":{"a":{"a":0,"k":[191.763,170.375,0],"ix":1},"s":{"a":1,"k":[{"o":{"x":0.333,"y":0},"i":{"x":0.667,"y":1},"s":[25,25,100],"t":0},{"o":{"x":0.333,"y":0},"i":{"x":0.667,"y":1},"s":[25,25,100],"t":6},{"s":[0,0,100],"t":24.00000097754}],"ix":6},"sk":{"a":0,"k":0},"p":{"a":1,"k":[{"o":{"x":0.333,"y":0},"i":{"x":0.667,"y":1},"s":[540,500,0],"t":0,"ti":[75.667,-14.667,0],"to":[-75.667,14.667,0]},{"s":[86,588,0],"t":24.00000097754}],"ix":2},"r":{"a":1,"k":[{"o":{"x":0.333,"y":0},"i":{"x":0.667,"y":1},"s":[1],"t":0},{"s":[361],"t":24.00000097754}],"ix":10},"sa":{"a":0,"k":0},"o":{"a":0,"k":100,"ix":11}},"ef":[],"shapes":[{"ty":"gr","bm":0,"hd":false,"mn":"ADBE Vector Group","nm":"Group 1","ix":1,"cix":2,"np":2,"it":[{"ty":"sh","bm":0,"hd":false,"mn":"ADBE Vector Shape - Group","nm":"Path 1","ix":1,"d":1,"ks":{"a":0,"k":{"c":true,"i":[[0,0],[29.042,-0.225],[17.08,-13.504],[6.834,-9.562],[9.259,7.24],[21.774,-0.097],[19.64,-21.396],[-0.528,-30.016],[-23.537,-25.374],[-33.951,-27.076],[-15.463,-13.491],[-8.455,7.395],[-13.151,11.164],[-29.165,32.169],[-0.871,34.604],[19.998,22.408]],"o":[[-19.64,-21.396],[-21.773,-0.096],[-9.258,7.24],[-6.833,-9.563],[-17.079,-13.505],[-29.043,-0.225],[-19.975,22.412],[0.881,34.6],[29.166,32.174],[13.134,11.198],[8.454,7.395],[15.463,-13.592],[33.952,-27.069],[23.536,-25.381],[0.521,-30.029],[0,0]],"v":[[160.743,-137.462],[84.281,-170.713],[24.267,-150.001],[0.003,-124.667],[-24.26,-150.001],[-84.275,-170.713],[-160.737,-137.462],[-190.982,-55.919],[-153.091,37.143],[-58.26,126.162],[-14.762,163.544],[14.768,163.544],[58.284,126.162],[153.114,37.161],[190.988,-55.919],[160.692,-137.479]]},"ix":2}},{"ty":"fl","bm":0,"hd":false,"mn":"ADBE Vector Graphic - Fill","nm":"Fill 1","c":{"a":0,"k":[0.0627,0.0157,0.5373],"ix":4},"r":1,"o":{"a":0,"k":100,"ix":5}},{"ty":"tr","a":{"a":0,"k":[0,0],"ix":1},"s":{"a":0,"k":[100,100],"ix":3},"sk":{"a":0,"k":0,"ix":4},"p":{"a":0,"k":[191.759,171.189],"ix":2},"r":{"a":0,"k":0,"ix":6},"sa":{"a":0,"k":0,"ix":5},"o":{"a":0,"k":100,"ix":7}}]}],"ind":7},{"ty":4,"nm":"main_heart 2","sr":1,"st":0,"op":36.0000014663101,"ip":0,"hd":false,"ddd":0,"bm":0,"hasMask":false,"ao":0,"ks":{"a":{"a":0,"k":[191.763,170.375,0],"ix":1},"s":{"a":1,"k":[{"o":{"x":0.333,"y":0},"i":{"x":0.667,"y":1},"s":[25,25,100],"t":0},{"s":[0,0,100],"t":24.00000097754}],"ix":6},"sk":{"a":0,"k":0},"p":{"a":1,"k":[{"o":{"x":0.333,"y":0},"i":{"x":0.667,"y":1},"s":[540,500,0],"t":0,"ti":[0,-18.333,0],"to":[0,18.333,0]},{"s":[540,610,0],"t":24.00000097754}],"ix":2},"r":{"a":1,"k":[{"o":{"x":0.333,"y":0},"i":{"x":0.667,"y":1},"s":[292],"t":0},{"s":[385],"t":24.00000097754}],"ix":10},"sa":{"a":0,"k":0},"o":{"a":0,"k":100,"ix":11}},"ef":[],"shapes":[{"ty":"gr","bm":0,"hd":false,"mn":"ADBE Vector Group","nm":"Group 1","ix":1,"cix":2,"np":2,"it":[{"ty":"sh","bm":0,"hd":false,"mn":"ADBE Vector Shape - Group","nm":"Path 1","ix":1,"d":1,"ks":{"a":0,"k":{"c":true,"i":[[0,0],[29.042,-0.225],[17.08,-13.504],[6.834,-9.562],[9.259,7.24],[21.774,-0.097],[19.64,-21.396],[-0.528,-30.016],[-23.537,-25.374],[-33.951,-27.076],[-15.463,-13.491],[-8.455,7.395],[-13.151,11.164],[-29.165,32.169],[-0.871,34.604],[19.998,22.408]],"o":[[-19.64,-21.396],[-21.773,-0.096],[-9.258,7.24],[-6.833,-9.563],[-17.079,-13.505],[-29.043,-0.225],[-19.975,22.412],[0.881,34.6],[29.166,32.174],[13.134,11.198],[8.454,7.395],[15.463,-13.592],[33.952,-27.069],[23.536,-25.381],[0.521,-30.029],[0,0]],"v":[[160.743,-137.462],[84.281,-170.713],[24.267,-150.001],[0.003,-124.667],[-24.26,-150.001],[-84.275,-170.713],[-160.737,-137.462],[-190.982,-55.919],[-153.091,37.143],[-58.26,126.162],[-14.762,163.544],[14.768,163.544],[58.284,126.162],[153.114,37.161],[190.988,-55.919],[160.692,-137.479]]},"ix":2}},{"ty":"fl","bm":0,"hd":false,"mn":"ADBE Vector Graphic - Fill","nm":"Fill 1","c":{"a":0,"k":[0.0627,0.0157,0.5373],"ix":4},"r":1,"o":{"a":0,"k":100,"ix":5}},{"ty":"tr","a":{"a":0,"k":[0,0],"ix":1},"s":{"a":0,"k":[100,100],"ix":3},"sk":{"a":0,"k":0,"ix":4},"p":{"a":0,"k":[191.759,171.189],"ix":2},"r":{"a":0,"k":0,"ix":6},"sa":{"a":0,"k":0,"ix":5},"o":{"a":0,"k":100,"ix":7}}]}],"ind":8},{"ty":4,"nm":"main_heart 11","sr":1,"st":0,"op":36.0000014663101,"ip":0,"hd":false,"ddd":0,"bm":0,"hasMask":false,"ao":0,"ks":{"a":{"a":0,"k":[191.763,170.375,0],"ix":1},"s":{"a":1,"k":[{"o":{"x":0.333,"y":0},"i":{"x":0.667,"y":1},"s":[25,25,100],"t":0},{"o":{"x":0.333,"y":0},"i":{"x":0.667,"y":1},"s":[25,25,100],"t":10},{"s":[0,0,100],"t":24.00000097754}],"ix":6},"sk":{"a":0,"k":0},"p":{"a":1,"k":[{"o":{"x":0.333,"y":0},"i":{"x":0.667,"y":1},"s":[540,500,0],"t":0,"ti":[0,-53,0],"to":[0,53,0]},{"s":[540,818,0],"t":24.00000097754}],"ix":2},"r":{"a":1,"k":[{"o":{"x":0.333,"y":0},"i":{"x":0.667,"y":1},"s":[1],"t":0},{"s":[433],"t":24.00000097754}],"ix":10},"sa":{"a":0,"k":0},"o":{"a":0,"k":100,"ix":11}},"ef":[],"shapes":[{"ty":"gr","bm":0,"hd":false,"mn":"ADBE Vector Group","nm":"Group 1","ix":1,"cix":2,"np":2,"it":[{"ty":"sh","bm":0,"hd":false,"mn":"ADBE Vector Shape - Group","nm":"Path 1","ix":1,"d":1,"ks":{"a":0,"k":{"c":true,"i":[[0,0],[29.042,-0.225],[17.08,-13.504],[6.834,-9.562],[9.259,7.24],[21.774,-0.097],[19.64,-21.396],[-0.528,-30.016],[-23.537,-25.374],[-33.951,-27.076],[-15.463,-13.491],[-8.455,7.395],[-13.151,11.164],[-29.165,32.169],[-0.871,34.604],[19.998,22.408]],"o":[[-19.64,-21.396],[-21.773,-0.096],[-9.258,7.24],[-6.833,-9.563],[-17.079,-13.505],[-29.043,-0.225],[-19.975,22.412],[0.881,34.6],[29.166,32.174],[13.134,11.198],[8.454,7.395],[15.463,-13.592],[33.952,-27.069],[23.536,-25.381],[0.521,-30.029],[0,0]],"v":[[160.743,-137.462],[84.281,-170.713],[24.267,-150.001],[0.003,-124.667],[-24.26,-150.001],[-84.275,-170.713],[-160.737,-137.462],[-190.982,-55.919],[-153.091,37.143],[-58.26,126.162],[-14.762,163.544],[14.768,163.544],[58.284,126.162],[153.114,37.161],[190.988,-55.919],[160.692,-137.479]]},"ix":2}},{"ty":"fl","bm":0,"hd":false,"mn":"ADBE Vector Graphic - Fill","nm":"Fill 1","c":{"a":0,"k":[0.0627,0.0157,0.5373],"ix":4},"r":1,"o":{"a":0,"k":100,"ix":5}},{"ty":"tr","a":{"a":0,"k":[0,0],"ix":1},"s":{"a":0,"k":[100,100],"ix":3},"sk":{"a":0,"k":0,"ix":4},"p":{"a":0,"k":[191.759,171.189],"ix":2},"r":{"a":0,"k":0,"ix":6},"sa":{"a":0,"k":0,"ix":5},"o":{"a":0,"k":100,"ix":7}}]}],"ind":9},{"ty":4,"nm":"main_heart 10","sr":1,"st":0,"op":36.0000014663101,"ip":0,"hd":false,"ddd":0,"bm":0,"hasMask":false,"ao":0,"ks":{"a":{"a":0,"k":[191.763,170.375,0],"ix":1},"s":{"a":1,"k":[{"o":{"x":0.333,"y":0},"i":{"x":0.667,"y":1},"s":[25,25,100],"t":0},{"s":[0,0,100],"t":24.00000097754}],"ix":6},"sk":{"a":0,"k":0},"p":{"a":1,"k":[{"o":{"x":0.333,"y":0},"i":{"x":0.667,"y":1},"s":[540,500,0],"t":0,"ti":[-41.333,-21.667,0],"to":[41.333,21.667,0]},{"s":[788,630,0],"t":24.00000097754}],"ix":2},"r":{"a":1,"k":[{"o":{"x":0.333,"y":0},"i":{"x":0.667,"y":1},"s":[1],"t":0},{"s":[361],"t":24.00000097754}],"ix":10},"sa":{"a":0,"k":0},"o":{"a":0,"k":100,"ix":11}},"ef":[],"shapes":[{"ty":"gr","bm":0,"hd":false,"mn":"ADBE Vector Group","nm":"Group 1","ix":1,"cix":2,"np":2,"it":[{"ty":"sh","bm":0,"hd":false,"mn":"ADBE Vector Shape - Group","nm":"Path 1","ix":1,"d":1,"ks":{"a":0,"k":{"c":true,"i":[[0,0],[29.042,-0.225],[17.08,-13.504],[6.834,-9.562],[9.259,7.24],[21.774,-0.097],[19.64,-21.396],[-0.528,-30.016],[-23.537,-25.374],[-33.951,-27.076],[-15.463,-13.491],[-8.455,7.395],[-13.151,11.164],[-29.165,32.169],[-0.871,34.604],[19.998,22.408]],"o":[[-19.64,-21.396],[-21.773,-0.096],[-9.258,7.24],[-6.833,-9.563],[-17.079,-13.505],[-29.043,-0.225],[-19.975,22.412],[0.881,34.6],[29.166,32.174],[13.134,11.198],[8.454,7.395],[15.463,-13.592],[33.952,-27.069],[23.536,-25.381],[0.521,-30.029],[0,0]],"v":[[160.743,-137.462],[84.281,-170.713],[24.267,-150.001],[0.003,-124.667],[-24.26,-150.001],[-84.275,-170.713],[-160.737,-137.462],[-190.982,-55.919],[-153.091,37.143],[-58.26,126.162],[-14.762,163.544],[14.768,163.544],[58.284,126.162],[153.114,37.161],[190.988,-55.919],[160.692,-137.479]]},"ix":2}},{"ty":"fl","bm":0,"hd":false,"mn":"ADBE Vector Graphic - Fill","nm":"Fill 1","c":{"a":0,"k":[0.0627,0.0157,0.5373],"ix":4},"r":1,"o":{"a":0,"k":100,"ix":5}},{"ty":"tr","a":{"a":0,"k":[0,0],"ix":1},"s":{"a":0,"k":[100,100],"ix":3},"sk":{"a":0,"k":0,"ix":4},"p":{"a":0,"k":[191.759,171.189],"ix":2},"r":{"a":0,"k":0,"ix":6},"sa":{"a":0,"k":0,"ix":5},"o":{"a":0,"k":100,"ix":7}}]}],"ind":10},{"ty":4,"nm":"main_heart","sr":1,"st":0,"op":36.0000014663101,"ip":0,"hd":false,"ddd":0,"bm":0,"hasMask":false,"ao":0,"ks":{"a":{"a":0,"k":[191.763,170.375,0],"ix":1},"s":{"a":1,"k":[{"o":{"x":0.333,"y":0},"i":{"x":0.667,"y":1},"s":[25,25,100],"t":0},{"s":[0,0,100],"t":24.00000097754}],"ix":6},"sk":{"a":0,"k":0},"p":{"a":1,"k":[{"o":{"x":0.333,"y":0},"i":{"x":0.667,"y":1},"s":[540,500,0],"t":0,"ti":[-38.667,-20.333,0],"to":[38.667,20.333,0]},{"s":[772,622,0],"t":24.00000097754}],"ix":2},"r":{"a":1,"k":[{"o":{"x":0.333,"y":0},"i":{"x":0.667,"y":1},"s":[1],"t":0},{"s":[199],"t":24.00000097754}],"ix":10},"sa":{"a":0,"k":0},"o":{"a":0,"k":100,"ix":11}},"ef":[],"shapes":[{"ty":"gr","bm":0,"hd":false,"mn":"ADBE Vector Group","nm":"Group 1","ix":1,"cix":2,"np":2,"it":[{"ty":"sh","bm":0,"hd":false,"mn":"ADBE Vector Shape - Group","nm":"Path 1","ix":1,"d":1,"ks":{"a":0,"k":{"c":true,"i":[[0,0],[29.042,-0.225],[17.08,-13.504],[6.834,-9.562],[9.259,7.24],[21.774,-0.097],[19.64,-21.396],[-0.528,-30.016],[-23.537,-25.374],[-33.951,-27.076],[-15.463,-13.491],[-8.455,7.395],[-13.151,11.164],[-29.165,32.169],[-0.871,34.604],[19.998,22.408]],"o":[[-19.64,-21.396],[-21.773,-0.096],[-9.258,7.24],[-6.833,-9.563],[-17.079,-13.505],[-29.043,-0.225],[-19.975,22.412],[0.881,34.6],[29.166,32.174],[13.134,11.198],[8.454,7.395],[15.463,-13.592],[33.952,-27.069],[23.536,-25.381],[0.521,-30.029],[0,0]],"v":[[160.743,-137.462],[84.281,-170.713],[24.267,-150.001],[0.003,-124.667],[-24.26,-150.001],[-84.275,-170.713],[-160.737,-137.462],[-190.982,-55.919],[-153.091,37.143],[-58.26,126.162],[-14.762,163.544],[14.768,163.544],[58.284,126.162],[153.114,37.161],[190.988,-55.919],[160.692,-137.479]]},"ix":2}},{"ty":"fl","bm":0,"hd":false,"mn":"ADBE Vector Graphic - Fill","nm":"Fill 1","c":{"a":0,"k":[0.0627,0.0157,0.5373],"ix":4},"r":1,"o":{"a":0,"k":100,"ix":5}},{"ty":"tr","a":{"a":0,"k":[0,0],"ix":1},"s":{"a":0,"k":[100,100],"ix":3},"sk":{"a":0,"k":0,"ix":4},"p":{"a":0,"k":[191.759,171.189],"ix":2},"r":{"a":0,"k":0,"ix":6},"sa":{"a":0,"k":0,"ix":5},"o":{"a":0,"k":100,"ix":7}}]}],"ind":11}]}]}