{"nm":"payment","ddd":0,"h":512,"w":512,"meta":{"g":"@lottiefiles/toolkit-js 0.33.2"},"layers":[{"ty":4,"nm":"Livello 2 contorni","sr":1,"st":0,"op":180,"ip":0,"hd":false,"ddd":0,"bm":0,"hasMask":false,"ao":0,"ks":{"a":{"a":0,"k":[219.876,24.878,0],"ix":1},"s":{"a":0,"k":[100,100,100],"ix":6},"sk":{"a":0,"k":0},"p":{"a":0,"k":[220.513,68.241,0],"ix":2},"r":{"a":0,"k":0,"ix":10},"sa":{"a":0,"k":0},"o":{"a":0,"k":100,"ix":11}},"ef":[],"shapes":[{"ty":"gr","bm":0,"hd":false,"mn":"ADBE Vector Group","nm":"Gruppo 1","ix":1,"cix":2,"np":2,"it":[{"ty":"sh","bm":0,"hd":false,"mn":"ADBE Vector Shape - Group","nm":"Tracciato 1","ix":1,"d":1,"ks":{"a":0,"k":{"c":true,"i":[[0,0],[0,0],[0,0],[0,0]],"o":[[0,0],[0,0],[0,0],[0,0]],"v":[[219.626,24.628],[-219.626,24.628],[-219.625,-24.628],[219.626,-24.628]]},"ix":2}},{"ty":"fl","bm":0,"hd":false,"mn":"ADBE Vector Graphic - Fill","nm":"Riempimento 1","c":{"a":0,"k":[0.1333,0.4078,0.5765],"ix":4},"r":1,"o":{"a":0,"k":100,"ix":5}},{"ty":"tr","a":{"a":0,"k":[0,0],"ix":1},"s":{"a":0,"k":[100,100],"ix":3},"sk":{"a":0,"k":0,"ix":4},"p":{"a":0,"k":[219.876,24.879],"ix":2},"r":{"a":0,"k":0,"ix":6},"sa":{"a":0,"k":0,"ix":5},"o":{"a":0,"k":100,"ix":7}}]}],"ind":1,"parent":4},{"ty":4,"nm":"Livello 3 contorni","sr":1,"st":0,"op":180,"ip":0,"hd":false,"ddd":0,"bm":0,"hasMask":false,"ao":0,"ks":{"a":{"a":0,"k":[38.327,38.327,0],"ix":1},"s":{"a":0,"k":[100,100,100],"ix":6},"sk":{"a":0,"k":0},"p":{"a":1,"k":[{"o":{"x":0.333,"y":0},"i":{"x":0.667,"y":1},"s":[415.108,376.663,0],"t":0,"ti":[0.001,-0.006,0],"to":[-9.468,-0.094,0]},{"o":{"x":0.333,"y":0},"i":{"x":0.667,"y":1},"s":[358.3,376.1,0],"t":90,"ti":[-9.467,-0.1,0],"to":[-0.001,0.006,0]},{"s":[415.1,376.7,0],"t":179}],"ix":2},"r":{"a":0,"k":0,"ix":10},"sa":{"a":0,"k":0},"o":{"a":0,"k":100,"ix":11}},"ef":[],"shapes":[{"ty":"gr","bm":0,"hd":false,"mn":"ADBE Vector Group","nm":"Gruppo 1","ix":1,"cix":2,"np":2,"it":[{"ty":"sh","bm":0,"hd":false,"mn":"ADBE Vector Shape - Group","nm":"Tracciato 1","ix":1,"d":1,"ks":{"a":0,"k":{"c":true,"i":[[0.211,-20.913],[-20.912,-0.211],[-0.21,20.913],[20.912,0.211]],"o":[[-0.211,20.913],[20.913,0.212],[0.212,-20.912],[-20.914,-0.211]],"v":[[-37.866,-0.383],[-0.383,37.865],[37.865,0.382],[0.383,-37.866]]},"ix":2}},{"ty":"fl","bm":0,"hd":false,"mn":"ADBE Vector Graphic - Fill","nm":"Riempimento 1","c":{"a":0,"k":[0.9333,0.9647,0.9843],"ix":4},"r":1,"o":{"a":0,"k":100,"ix":5}},{"ty":"tr","a":{"a":0,"k":[0,0],"ix":1},"s":{"a":0,"k":[100,100],"ix":3},"sk":{"a":0,"k":0,"ix":4},"p":{"a":0,"k":[38.327,38.327],"ix":2},"r":{"a":0,"k":0,"ix":6},"sa":{"a":0,"k":0,"ix":5},"o":{"a":0,"k":100,"ix":7}}]}],"ind":2},{"ty":4,"nm":"Livello 4 contorni","sr":1,"st":0,"op":180,"ip":0,"hd":false,"ddd":0,"bm":0,"hasMask":false,"ao":0,"ks":{"a":{"a":0,"k":[38.327,38.327,0],"ix":1},"s":{"a":0,"k":[100,100,100],"ix":6},"sk":{"a":0,"k":0},"p":{"a":1,"k":[{"o":{"x":0.333,"y":0},"i":{"x":0.667,"y":1},"s":[358.309,376.089,0],"t":0,"ti":[0.002,-0.002,0],"to":[9.465,0.102,0]},{"o":{"x":0.333,"y":0},"i":{"x":0.667,"y":1},"s":[415.1,376.7,0],"t":90,"ti":[9.467,0.1,0],"to":[-0.002,0.002,0]},{"s":[358.3,376.1,0],"t":179}],"ix":2},"r":{"a":0,"k":0,"ix":10},"sa":{"a":0,"k":0},"o":{"a":0,"k":100,"ix":11}},"ef":[],"shapes":[{"ty":"gr","bm":0,"hd":false,"mn":"ADBE Vector Group","nm":"Gruppo 1","ix":1,"cix":2,"np":2,"it":[{"ty":"sh","bm":0,"hd":false,"mn":"ADBE Vector Shape - Group","nm":"Tracciato 1","ix":1,"d":1,"ks":{"a":0,"k":{"c":true,"i":[[0.211,-20.913],[20.913,0.211],[-0.211,20.912],[-20.913,-0.212]],"o":[[-0.211,20.913],[-20.912,-0.211],[0.211,-20.913],[20.912,0.211]],"v":[[37.866,0.383],[-0.383,37.866],[-37.866,-0.382],[0.383,-37.865]]},"ix":2}},{"ty":"fl","bm":0,"hd":false,"mn":"ADBE Vector Graphic - Fill","nm":"Riempimento 1","c":{"a":0,"k":[0.0078,0.5608,0.9059],"ix":4},"r":1,"o":{"a":0,"k":100,"ix":5}},{"ty":"tr","a":{"a":0,"k":[0,0],"ix":1},"s":{"a":0,"k":[100,100],"ix":3},"sk":{"a":0,"k":0,"ix":4},"p":{"a":0,"k":[38.327,38.327],"ix":2},"r":{"a":0,"k":0,"ix":6},"sa":{"a":0,"k":0,"ix":5},"o":{"a":0,"k":100,"ix":7}}]}],"ind":3},{"ty":4,"nm":"Livello 5 contorni","sr":1,"st":0,"op":180,"ip":0,"hd":false,"ddd":0,"bm":0,"hasMask":false,"ao":0,"ks":{"a":{"a":0,"k":[220.854,129.174,0],"ix":1},"s":{"a":0,"k":[100,100,100],"ix":6},"sk":{"a":0,"k":0},"p":{"a":0,"k":[278.53,327.076,0],"ix":2},"r":{"a":0,"k":0,"ix":10},"sa":{"a":0,"k":0},"o":{"a":0,"k":100,"ix":11}},"ef":[],"shapes":[{"ty":"gr","bm":0,"hd":false,"mn":"ADBE Vector Group","nm":"Gruppo 1","ix":1,"cix":2,"np":2,"it":[{"ty":"sh","bm":0,"hd":false,"mn":"ADBE Vector Shape - Group","nm":"Tracciato 1","ix":1,"d":1,"ks":{"a":0,"k":{"c":true,"i":[[24.061,0],[0,0],[0,24.06],[0,0],[-24.061,0],[0,0],[0,-24.061],[0,0]],"o":[[0,0],[-24.06,0],[0,0],[0,-24.06],[0,0],[24.061,0],[0,0],[0,24.06]],"v":[[177.039,128.924],[-177.039,128.923],[-220.604,85.358],[-220.604,-85.359],[-177.038,-128.924],[177.039,-128.924],[220.604,-85.358],[220.604,85.359]]},"ix":2}},{"ty":"fl","bm":0,"hd":false,"mn":"ADBE Vector Graphic - Fill","nm":"Riempimento 1","c":{"a":0,"k":[0.5961,0.8431,0.9725],"ix":4},"r":1,"o":{"a":0,"k":100,"ix":5}},{"ty":"tr","a":{"a":0,"k":[0,0],"ix":1},"s":{"a":0,"k":[100,100],"ix":3},"sk":{"a":0,"k":0,"ix":4},"p":{"a":0,"k":[220.854,129.174],"ix":2},"r":{"a":0,"k":0,"ix":6},"sa":{"a":0,"k":0,"ix":5},"o":{"a":0,"k":100,"ix":7}}]}],"ind":4},{"ty":4,"nm":"Livello 6 contorni","sr":1,"st":0,"op":180,"ip":0,"hd":false,"ddd":0,"bm":0,"hasMask":false,"ao":0,"ks":{"a":{"a":0,"k":[61.165,25.029,0],"ix":1},"s":{"a":0,"k":[100,100,100],"ix":6},"sk":{"a":0,"k":0},"p":{"a":0,"k":[92.496,51.396,0],"ix":2},"r":{"a":0,"k":0,"ix":10},"sa":{"a":0,"k":0},"o":{"a":0,"k":100,"ix":11}},"ef":[],"shapes":[{"ty":"gr","bm":0,"hd":false,"mn":"ADBE Vector Group","nm":"Gruppo 1","ix":1,"cix":2,"np":2,"it":[{"ty":"sh","bm":0,"hd":false,"mn":"ADBE Vector Shape - Group","nm":"Tracciato 1","ix":1,"d":1,"ks":{"a":0,"k":{"c":true,"i":[[7.515,0],[0,0],[0,7.515],[0,0],[-7.514,0],[0,0],[0,-7.515],[0,0]],"o":[[0,0],[-7.514,0],[0,0],[0,-7.515],[0,0],[7.515,0],[0,0],[0,7.515]],"v":[[47.308,24.779],[-47.308,24.779],[-60.915,11.172],[-60.915,-11.172],[-47.308,-24.779],[47.308,-24.779],[60.915,-11.172],[60.915,11.172]]},"ix":2}},{"ty":"fl","bm":0,"hd":false,"mn":"ADBE Vector Graphic - Fill","nm":"Riempimento 1","c":{"a":0,"k":[1,1,1],"ix":4},"r":1,"o":{"a":0,"k":100,"ix":5}},{"ty":"tr","a":{"a":0,"k":[0,0],"ix":1},"s":{"a":0,"k":[100,100],"ix":3},"sk":{"a":0,"k":0,"ix":4},"p":{"a":0,"k":[61.165,25.029],"ix":2},"r":{"a":0,"k":0,"ix":6},"sa":{"a":0,"k":0,"ix":5},"o":{"a":0,"k":100,"ix":7}}]}],"ind":5,"parent":6},{"ty":4,"nm":"Livello 7 contorni","sr":1,"st":0,"op":180,"ip":0,"hd":false,"ddd":0,"bm":0,"hasMask":false,"ao":0,"ks":{"a":{"a":0,"k":[396.52,47.769,0],"ix":1},"s":{"a":0,"k":[100,100,100],"ix":6},"sk":{"a":0,"k":0},"p":{"a":0,"k":[451.282,212.208,0],"ix":2},"r":{"a":1,"k":[{"o":{"x":0.62,"y":0},"i":{"x":0.454,"y":1},"s":[0],"t":0},{"o":{"x":0.534,"y":0},"i":{"x":0.414,"y":1},"s":[25],"t":90},{"s":[0],"t":179}],"ix":10},"sa":{"a":0,"k":0},"o":{"a":0,"k":100,"ix":11}},"ef":[],"shapes":[{"ty":"gr","bm":0,"hd":false,"mn":"ADBE Vector Group","nm":"Gruppo 1","ix":1,"cix":2,"np":2,"it":[{"ty":"sh","bm":0,"hd":false,"mn":"ADBE Vector Shape - Group","nm":"Tracciato 1","ix":1,"d":1,"ks":{"a":0,"k":{"c":true,"i":[[24.061,0],[0,0],[0,24.06],[0,0],[-24.061,0],[0,0],[0,-24.06],[0,0]],"o":[[0,0],[-24.061,0],[0,0],[0,-24.06],[0,0],[24.061,0],[0,0],[0,24.06]],"v":[[177.039,128.925],[-177.038,128.925],[-220.604,85.36],[-220.604,-85.359],[-177.038,-128.924],[177.039,-128.924],[220.605,-85.359],[220.604,85.36]]},"ix":2}},{"ty":"fl","bm":0,"hd":false,"mn":"ADBE Vector Graphic - Fill","nm":"Riempimento 1","c":{"a":0,"k":[0.9333,0.9647,0.9843],"ix":4},"r":1,"o":{"a":0,"k":100,"ix":5}},{"ty":"tr","a":{"a":0,"k":[0,0],"ix":1},"s":{"a":0,"k":[100,100],"ix":3},"sk":{"a":0,"k":0,"ix":4},"p":{"a":0,"k":[220.854,129.174],"ix":2},"r":{"a":0,"k":0,"ix":6},"sa":{"a":0,"k":0,"ix":5},"o":{"a":0,"k":100,"ix":7}}]}],"ind":6}],"v":"5.6.5","fr":60,"op":180,"ip":0,"assets":[]}